name,address,rating,reviews,website,email,phone
Siargao Seasky Resort,,3.9(136),,,,"
0960 280 1082"
Reef Beach Resort,,4.3(358),,https://reefbeachresortsiargao.com/,,"
0999 339 3535"
Siargao Island Villas,,4.1(507),,http://www.siargaoislandvillasph.com/,,"
0950 764 8359"
Bravo Beach Resort Siargao,,4.5(841),,http://www.bravosiargao.com/,,"
0999 877 8518"
Tropical Temple Siargao,,4.4(426),,https://instagram.com/tropicaltemple,,"
0920 661 9007"
Isla Cabana Resort,,4.2(451),,http://www.islacabanaresort.com/,,"
0928 559 5244"
Takbo Beach Resort,,4.5(23),,,,"
0917 155 3038"
Siargao Bleu Resort & Spa,,4.1(423),,http://www.siargaobleu.com/,,"
0917 818 8800"
M-resort Siargao,,4.6(40),,https://www.mresortsiargao.com/,,"
0966 916 7514"
Cogon Tropical Resort,,4.7(48),,https://cogonresort.com/,,"
0945 213 4216"
"Asgard Siargao MMA, Fitness & Recovery Resort",,5.0(142),,,,"
0916 796 3204"
Retreat Siargao Resort Corp.,,4.7(272),,http://retreatsiargao.com/,,"
0915 357 2283"
Ocean 101 Beach Resort,,4.1(569),,http://www.ocean101siargao.com/,,"
0919 826 8837"
Happiness Beach Resort Siargao,,4.5(115),,https://happinessphilippines.com/,,"
0969 522 7654"
Jonas & Twins Resort,,4.3(89),,http://facebook.com/jonasandtwinsresort,,"
0948 327 4964"
Eddie`s Beach Resort Siargao,,4.4(125),,http://www.eddiesbeachresortsiargao.com/,,"
0920 404 2086"
Alon Cloud9 Resort,,4.6(50),,http://www.alonsiargao.ph/,,"
0917 831 2483"
Haven Suites Siargao,,4.7(44),,https://www.facebook.com/profile.php?id=61557473312640,,"
0969 194 4724"
Mera's Garden Siargao,,4.2(6),,,,"
0938 769 2245"
Patrick's on the Beach RESORT AND RESTAURANT Siargao,,3.9(375),,http://www.patricksonthebeach.com/,,"
0920 431 7361"
Malipaya,,5.0(27),,,,"
0917 174 2362"
Point 303 Resort,,3.7(175),,http://www.point303siargao.com/,,"
0930 839 8574"
Aloha Hostel Siargao,,3.9(47),,https://www.facebook.com/alohasiargao,,"
0936 742 2420"
Villa Peray Siargao,,4.7(16),,https://www.instagram.com/villa_peray/,,"
0908 402 6196"
Soeliana Resort,,3.7(54),,,,"
0908 597 1986"
Siargao Residency,,4.1(76),,http://booking.com/,,"
0966 762 4480"
G VILLAS SIARGAO,,3.7(46),,,,"
0939 930 9398"
Marahuyo Siargao,,4.8(55),,https://www.marahuyosiargao.com/en/,,"
0939 523 3329"
Helmina's Villas,,4.1(37),,https://www.helminasvillas.com/,,"
0915 045 2579"
Ilakai Hostel,,4.6(150),,http://www.ilakaihostel.com/,,"
0933 823 8398"
Kesa Cloud 9 Resort,,3.7(37),,,,"
0998 897 9468"
Ohana Resort Siargao,,4.1(63),,https://hotels.cloudbeds.com/reservation/iKC58E,,"
0976 207 2477"
Malayah Siargao,,4.1(80),,https://donaldstravelexperience.com/malayah-siargao-philippines,,"
0922 491 7913"
Siargao Tropic Hostel,,4.3(33),,http://www.facebook.com/siargaotropichostel,,"
0956 028 3712"
Arka Hayahay Surf and Beach Resort,,4.2(115),,https://www.instagram.com/happinessphsiargao/,,"
0969 522 7654"
Apsaras Tribe,,4.0(161),,http://www.apsaras.club/,,"
0995 313 1174"
CARACOA,,4.5(26),,,,
Woody's Place Siargao,,4.9(61),,,,"
0917 147 3109"
SOLANA SIARGAO,,4.5(14),,,,
Villa Cali Siargao,,4.5(102),,https://hotels.cloudbeds.com/reservation/joMIC7,,
Alpas Siargao,,4.4(150),,https://hotels.cloudbeds.com/reservation/ezb3fz,,"
0927 671 1221"
Inbox Siargao Resort,,4.5(26),,,,"
0927 505 9110"
Vivo Inn Siargao,,4.3(194),,,,"
0995 740 3884"
Dahun Villas Siargao,,4.3(52),,https://www.facebook.com/dahunvillassiargao/,,"
0917 622 1251"
The Henry Resort at Kermit Siargao,,4.7(18),,https://siargaothehenryhotel.com/,,"
0975 801 9657"
Buddha Resort,,4.5(239),,https://buddhasiargao.com/,,"
0928 207 9631"
General’s Hideout Siargao,,4.8(37),,https://generalshideoutsiargao.com/,,"
0956 930 7485"
Las Palmas Villas and Casitas,,4.6(220),,https://laspalmassiargao.com/,,"
0917 877 7088"
NYLA Boutique Resort Siargao,,4.9(16),,,,"
0954 390 8885"
Gardenview Homestay,,4.6(63),,,,"
0999 676 8337"
Lamari Siargao Boutique Hotel,,4.7(472),,http://www.lamarisiargao.com/,,"
0917 650 7743"
Casa Luna Siargao,,4.7(7),,,,"
0916 314 8521"
Kalipay Resort Siargao,,4.8(139),,http://www.kalipaysiargao.com/,,"
0956 019 0172"
Copacabana Siargao,,4.9(33),,,,"
0910 802 4121"
NAYÀNAYÀ VILLAS SIARGAO,,4.6(13),,https://www.zenrooms.com/hotel/zen-rooms-eunas-siargao-9750,,
isla. Siargao Stays,,5.0(4),,https://www.booking.com/hotel/ph/isla-general-luna.html?aid=336690&ucfs=1&arphpl=1&checkin=2024-12-01&checkout=2024-12-03&dest_id=5375&dest_type=region&group_adults=2&req_adults=2&no_rooms=1&group_children=0&req_children=0&hpos=27&hapos=57&sr_order=popularity&srpvid=4f245f53dc9a0653&srepoch=1726839219&all_sr_blocks=1255199001_398042308_2_0_0&highlighted_blocks=1255199001_398042308_2_0_0&matching_block_id=1255199001_398042308_2_0_0&sr_pri_blocks=1255199001_398042308_2_0_0__383040,,"
0963 916 5865"
Forever Siargao,,4.2(9),,http://facebook.com/foreversiargao,,"
0919 074 2560"
Ocean 9,,3.6(70),,https://www.facebook.com/ocean9siargaoisland,,"
0905 556 0391"
"INARA SIARGAO, BEACH RESORT",,4.7(46),,http://inara.com.ph/,,"
0927 365 1402"
Blauset Two,,4.0(131),,http://www.siargao-house-blauset.ph/,,"
0917 713 8094"
SWIMFIT Siargao,,4.9(90),,http://www.swimfit-siargao.com/,,"
0961 604 0150"
Kalipay Resort Siargao,,4.8(139),,http://www.kalipaysiargao.com/,,"
0956 019 0172"
Lamari Siargao Boutique Hotel,,4.7(472),,http://www.lamarisiargao.com/,,
Kalipay Resort Siargao,,4.8(139),,http://www.kalipaysiargao.com/,,"
0956 019 0172"
Yapak Beach Villas Siargao,,4.3(93),,,,"
0927 671 1240"
Ferra Resort Siargao,,4.6(56),,,,"
0917 862 2232"
Nay Palad Hideaway,,4.9(298),,https://www.naypaladhideaway.com/,,"
0917 701 7840"
DaRosa Del Mar Beach Resort & Restaurant,,4.8(257),,http://www.darosadelmar.com/,,"
0966 456 9228"
